Workbook

Sheet Doctor Information
C2: Multi-Sheet Hospital Management System
C5: Doctor ID | D5: Doctor Name | E5: Department | F5: Consultation Fee
C6: D001 | D6: Dr. Ahmed Khan | E6: Cardiology | F6: 2500
C7: D002 | D7: Dr. Fatima Iqbal | E7: Orthopedics | F7: 1800
C8: D003 | D8: Dr. Ali Raza | E8: ENT | F8: 1500
C9: D004 | D9: Dr. Sana Malik | E9: Dermatology | F9: 2000
C10: D005 | D10: Dr. Usman Shah | E10: Neurology | F10: 3000
C11: D006 | D11: Dr. Ayesha Siddiq | E11: Pediatrics | F11: 1600
C12: D007 | D12: Dr. Hassan Tariq | E12: General Surgery | F12: 2200
C13: D008 | D13: Dr. Maria Qureshi | E13: Gynecology | F13: 2100
C14: D009 | D14: Dr. Imran Aslam | E14: Cardiology | F14: 2500
C15: D010 | D15: Dr. Hina Javed | E15: Orthopedics | F15: 1800
C16: D011 | D16: Dr. Bilal Farooq | E16: ENT | F16: 1500
C17: D012 | D17: Dr. Samina Riaz | E17: Dermatology | F17: 2000

Sheet Appointments
B4: Appointment ID | C4: Patient Name | D4: Doctor ID | E4: Appointment Date | F4: Appointment Time | G4: Arrival Time | H4: Delay | I4: Status
B5: A001 | C5: Ahmed Ali | D5: D001 | E5: 46063 | F5: 0.41666667 | G5: 0.41666667 | H5: =IF(F5="","",G5-F5) -> 0 | I5: =IF(G5="", "Missed", IF(F5<G5,"Late", "On Time")) -> On Time
B6: A002 | C6: Sara Khan | D6: D002 | E6: 46063 | F6: 0.45833333 | I6: =IF(G6="", "Missed", IF(F6<G6,"Late", "On Time")) -> Missed
B7: A003 | C7: Bilal Hussain | D7: D003 | E7: 46063 | F7: 0.5 | G7: 0.50694444 | H7: =IF(F7="","",G7-F7) -> 0.0069444444 | I7: =IF(G7="", "Missed", IF(F7<G7,"Late", "On Time")) -> Late
B8: A004 | C8: Fatima Noor | D8: D004 | E8: 46063 | F8: 0.54166667 | G8: 0.54166667 | H8: =IF(F8="","",G8-F8) -> 0 | I8: =IF(G8="", "Missed", IF(F8<G8,"Late", "On Time")) -> On Time
B9: A005 | C9: Hassan Ali | D9: D005 | E9: 46064 | F9: 0.41666667 | G9: 0.43055556 | H9: =IF(F9="","",G9-F9) -> 0.013888889 | I9: =IF(G9="", "Missed", IF(F9<G9,"Late", "On Time")) -> Late
B10: A006 | C10: Ayesha Khan | D10: D006 | E10: 46064 | F10: 0.45833333 | G10: 0.46180556 | H10: =IF(F10="","",G10-F10) -> 0.0034722222 | I10: =IF(G10="", "Missed", IF(F10<G10,"Late", "On Time")) -> Late
B11: A007 | C11: Zain Malik | D11: D007 | E11: 46064 | F11: 0.5 | G11: 0.5 | H11: =IF(F11="","",G11-F11) -> 0 | I11: =IF(G11="", "Missed", IF(F11<G11,"Late", "On Time")) -> On Time
B12: A008 | C12: Sana Riaz | D12: D008 | E12: 46064 | F12: 0.54166667 | G12: 0.54861111 | H12: =IF(F12="","",G12-F12) -> 0.0069444444 | I12: =IF(G12="", "Missed", IF(F12<G12,"Late", "On Time")) -> Late
B13: A009 | C13: Usman Farooq | D13: D009 | E13: 46065 | F13: 0.41666667 | G13: 0.42708333 | H13: =IF(F13="","",G13-F13) -> 0.010416667 | I13: =IF(G13="", "Missed", IF(F13<G13,"Late", "On Time")) -> Late
B14: A010 | C14: Mariam Shah | D14: D010 | E14: 46065 | F14: 0.45833333 | G14: 0.45833333 | H14: =IF(F14="","",G14-F14) -> 0 | I14: =IF(G14="", "Missed", IF(F14<G14,"Late", "On Time")) -> On Time
B15: A011 | C15: Hina Tariq | D15: D011 | E15: 46065 | F15: 0.5 | G15: 0.50347222 | H15: =IF(F15="","",G15-F15) -> 0.0034722222 | I15: =IF(G15="", "Missed", IF(F15<G15,"Late", "On Time")) -> Late
B16: A012 | C16: Aliya Siddiq | D16: D012 | E16: 46065 | F16: 0.54166667 | I16: =IF(G16="", "Missed", IF(F16<G16,"Late", "On Time")) -> Missed
B17: A013 | C17: Imran Qureshi | D17: D001 | E17: 46066 | F17: 0.41666667 | G17: 0.41666667 | H17: =IF(F17="","",G17-F17) -> 0 | I17: =IF(G17="", "Missed", IF(F17<G17,"Late", "On Time")) -> On Time
B18: A014 | C18: Zara Aslam | D18: D002 | E18: 46066 | F18: 0.45833333 | G18: 0.45833333 | H18: =IF(F18="","",G18-F18) -> 0 | I18: =IF(G18="", "Missed", IF(F18<G18,"Late", "On Time")) -> On Time
B19: A015 | C19: Bilal Javed | D19: D003 | E19: 46066 | F19: 0.5 | G19: 0.50694444 | H19: =IF(F19="","",G19-F19) -> 0.0069444444 | I19: =IF(G19="", "Missed", IF(F19<G19,"Late", "On Time")) -> Late
B20: A016 | C20: Maria Khan | D20: D004 | E20: 46066 | F20: 0.54166667 | G20: 0.54166667 | H20: =IF(F20="","",G20-F20) -> 0 | I20: =IF(G20="", "Missed", IF(F20<G20,"Late", "On Time")) -> On Time
B21: A017 | C21: Shahzad Farooq | D21: D005 | E21: 46067 | F21: 0.41666667 | I21: =IF(G21="", "Missed", IF(F21<G21,"Late", "On Time")) -> Missed
B22: A018 | C22: Lubna Ahmed | D22: D006 | E22: 46067 | F22: 0.45833333 | G22: 0.45833333 | H22: =IF(F22="","",G22-F22) -> 0 | I22: =IF(G22="", "Missed", IF(F22<G22,"Late", "On Time")) -> On Time

Sheet Billing
B3: Appointment ID | C3: Appointment Date | D3: Patient Name | E3: Doctor ID | F3: Doctor Fee | G3: Total Bill
B4: A001 | C4: =VLOOKUP(B4,Appointments!B4:I22,4) -> 46063 | D4: =VLOOKUP(B4,Appointments!B4:I22,2) -> Ahmed Ali | E4: =VLOOKUP(B4,Appointments!B4:I22,3) -> D001 | F4: =VLOOKUP(E4,Doctor_Information[#ALL],4) -> 2500 | G4: =F4 -> 2500
B5: A002 | C5: =VLOOKUP(B5,Appointments!B5:I23,4) -> 46063 | D5: =VLOOKUP(B5,Appointments!B5:I23,2) -> Sara Khan | E5: =VLOOKUP(B5,Appointments!B5:I23,3) -> D002 | F5: 0 | G5: =F5 -> 0
B6: A003 | C6: =VLOOKUP(B6,Appointments!B6:I24,4) -> 46063 | D6: =VLOOKUP(B6,Appointments!B6:I24,2) -> Bilal Hussain | E6: =VLOOKUP(B6,Appointments!B6:I24,3) -> D003 | F6: =VLOOKUP(E6,Doctor_Information[#ALL],4) -> 1500 | G6: =F6 -> 1500
B7: A004 | C7: =VLOOKUP(B7,Appointments!B7:I25,4) -> 46063 | D7: =VLOOKUP(B7,Appointments!B7:I25,2) -> Fatima Noor | E7: =VLOOKUP(B7,Appointments!B7:I25,3) -> D004 | F7: =VLOOKUP(E7,Doctor_Information[#ALL],4) -> 2000 | G7: =F7 -> 2000
B8: A005 | C8: =VLOOKUP(B8,Appointments!B8:I26,4) -> 46064 | D8: =VLOOKUP(B8,Appointments!B8:I26,2) -> Hassan Ali | E8: =VLOOKUP(B8,Appointments!B8:I26,3) -> D005 | F8: =VLOOKUP(E8,Doctor_Information[#ALL],4) -> 3000 | G8: =F8 -> 3000
B9: A006 | C9: =VLOOKUP(B9,Appointments!B9:I27,4) -> 46064 | D9: =VLOOKUP(B9,Appointments!B9:I27,2) -> Ayesha Khan | E9: =VLOOKUP(B9,Appointments!B9:I27,3) -> D006 | F9: =VLOOKUP(E9,Doctor_Information[#ALL],4) -> 1600 | G9: =F9 -> 1600
B10: A007 | C10: =VLOOKUP(B10,Appointments!B10:I28,4) -> 46064 | D10: =VLOOKUP(B10,Appointments!B10:I28,2) -> Zain Malik | E10: =VLOOKUP(B10,Appointments!B10:I28,3) -> D007 | F10: =VLOOKUP(E10,Doctor_Information[#ALL],4) -> 2200 | G10: =F10 -> 2200
B11: A008 | C11: =VLOOKUP(B11,Appointments!B11:I29,4) -> 46064 | D11: =VLOOKUP(B11,Appointments!B11:I29,2) -> Sana Riaz | E11: =VLOOKUP(B11,Appointments!B11:I29,3) -> D008 | F11: =VLOOKUP(E11,Doctor_Information[#ALL],4) -> 2100 | G11: =F11 -> 2100
B12: A009 | C12: =VLOOKUP(B12,Appointments!B12:I30,4) -> 46065 | D12: =VLOOKUP(B12,Appointments!B12:I30,2) -> Usman Farooq | E12: =VLOOKUP(B12,Appointments!B12:I30,3) -> D009 | F12: =VLOOKUP(E12,Doctor_Information[#ALL],4) -> 2500 | G12: =F12 -> 2500
B13: A010 | C13: =VLOOKUP(B13,Appointments!B13:I31,4) -> 46065 | D13: =VLOOKUP(B13,Appointments!B13:I31,2) -> Mariam Shah | E13: =VLOOKUP(B13,Appointments!B13:I31,3) -> D010 | F13: =VLOOKUP(E13,Doctor_Information[#ALL],4) -> 1800 | G13: =F13 -> 1800
B14: A011 | C14: =VLOOKUP(B14,Appointments!B14:I32,4) -> 46065 | D14: =VLOOKUP(B14,Appointments!B14:I32,2) -> Hina Tariq | E14: =VLOOKUP(B14,Appointments!B14:I32,3) -> D011 | F14: =VLOOKUP(E14,Doctor_Information[#ALL],4) -> 1500 | G14: =F14 -> 1500
B15: A012 | C15: =VLOOKUP(B15,Appointments!B15:I33,4) -> 46065 | D15: =VLOOKUP(B15,Appointments!B15:I33,2) -> Aliya Siddiq | E15: =VLOOKUP(B15,Appointments!B15:I33,3) -> D012 | F15: 0 | G15: =F15 -> 0
B16: A013 | C16: =VLOOKUP(B16,Appointments!B16:I34,4) -> 46066 | D16: =VLOOKUP(B16,Appointments!B16:I34,2) -> Imran Qureshi | E16: =VLOOKUP(B16,Appointments!B16:I34,3) -> D001 | F16: =VLOOKUP(E16,Doctor_Information[#ALL],4) -> 2500 | G16: =F16 -> 2500
B17: A014 | C17: =VLOOKUP(B17,Appointments!B17:I35,4) -> 46066 | D17: =VLOOKUP(B17,Appointments!B17:I35,2) -> Zara Aslam | E17: =VLOOKUP(B17,Appointments!B17:I35,3) -> D002 | F17: =VLOOKUP(E17,Doctor_Information[#ALL],4) -> 1800 | G17: =F17 -> 1800
B18: A015 | C18: =VLOOKUP(B18,Appointments!B18:I36,4) -> 46066 | D18: =VLOOKUP(B18,Appointments!B18:I36,2) -> Bilal Javed | E18: =VLOOKUP(B18,Appointments!B18:I36,3) -> D003 | F18: =VLOOKUP(E18,Doctor_Information[#ALL],4) -> 1500 | G18: =F18 -> 1500
B19: A016 | C19: =VLOOKUP(B19,Appointments!B19:I37,4) -> 46066 | D19: =VLOOKUP(B19,Appointments!B19:I37,2) -> Maria Khan | E19: =VLOOKUP(B19,Appointments!B19:I37,3) -> D004 | F19: =VLOOKUP(E19,Doctor_Information[#ALL],4) -> 2000 | G19: =F19 -> 2000
B20: A017 | C20: =VLOOKUP(B20,Appointments!B20:I38,4) -> 46067 | D20: =VLOOKUP(B20,Appointments!B20:I38,2) -> Shahzad Farooq | E20: =VLOOKUP(B20,Appointments!B20:I38,3) -> D005 | F20: 0 | G20: =F20 -> 0
B21: A018 | C21: =VLOOKUP(B21,Appointments!B21:I39,4) -> 46067 | D21: =VLOOKUP(B21,Appointments!B21:I39,2) -> Lubna Ahmed | E21: =VLOOKUP(B21,Appointments!B21:I39,3) -> D006 | F21: =VLOOKUP(E21,Doctor_Information[#ALL],4) -> 1600 | G21: =F21 -> 1600

Sheet Daily Revenue Summary 
B4: Date | C4: Total Patient | D4: Total Revenue
B5: {=UNIQUE(Billing!C4:C21)} -> 46063 | C5: =COUNTIF(Appointments!E4:E22,B5) -> 4 | D5: =SUMIF(Billing!C4:C21,B5,Billing!G4:G21) -> 6000
B6: 46064 | C6: =COUNTIF(Appointments!E5:E23,B6) -> 4 | D6: =SUMIF(Billing!C5:C22,B6,Billing!G5:G22) -> 8900
B7: 46065 | C7: =COUNTIF(Appointments!E6:E24,B7) -> 4 | D7: =SUMIF(Billing!C6:C23,B7,Billing!G6:G23) -> 5800
B8: 46066 | C8: =COUNTIF(Appointments!E7:E25,B8) -> 4 | D8: =SUMIF(Billing!C7:C24,B8,Billing!G7:G24) -> 7800
B9: 46067 | C9: =COUNTIF(Appointments!E8:E26,B9) -> 2 | D9: =SUMIF(Billing!C8:C25,B9,Billing!G8:G25) -> 1600

Sheet Doctor Wise Performance
C8: Doctor Name | D8: Total Patient | E8: Total Revenue
C9: =VLOOKUP(Billing!E4,Doctor_Information[#ALL],2) -> Dr. Ahmed Khan | D9: =COUNTIF(Appointments!D5:D22,'Doctor Information'!C6) -> 2 | E9: =SUMIF(Billing!E4:E21,'Doctor Information'!C6,Billing!G4:G21) -> 5000
C10: =VLOOKUP(Billing!E5,Doctor_Information[],2) -> Dr. Fatima Iqbal | D10: =COUNTIF(Appointments!D6:D23,'Doctor Information'!C7) -> 2 | E10: =SUMIF(Billing!E5:E22,'Doctor Information'!C7,Billing!G5:G22) -> 1800
C11: =VLOOKUP(Billing!E6,Doctor_Information[],2) -> Dr. Ali Raza | D11: =COUNTIF(Appointments!D7:D24,'Doctor Information'!C8) -> 2 | E11: =SUMIF(Billing!E6:E23,'Doctor Information'!C8,Billing!G6:G23) -> 3000
C12: =VLOOKUP(Billing!E7,Doctor_Information[],2) -> Dr. Sana Malik | D12: =COUNTIF(Appointments!D8:D25,'Doctor Information'!C9) -> 2 | E12: =SUMIF(Billing!E7:E24,'Doctor Information'!C9,Billing!G7:G24) -> 4000
C13: =VLOOKUP(Billing!E8,Doctor_Information[],2) -> Dr. Usman Shah | D13: =COUNTIF(Appointments!D9:D26,'Doctor Information'!C10) -> 2 | E13: =SUMIF(Billing!E8:E25,'Doctor Information'!C10,Billing!G8:G25) -> 3000
C14: =VLOOKUP(Billing!E9,Doctor_Information[],2) -> Dr. Ayesha Siddiq | D14: =COUNTIF(Appointments!D10:D27,'Doctor Information'!C11) -> 2 | E14: =SUMIF(Billing!E9:E26,'Doctor Information'!C11,Billing!G9:G26) -> 3200
C15: =VLOOKUP(Billing!E10,Doctor_Information[],2) -> Dr. Hassan Tariq | D15: =COUNTIF(Appointments!D11:D28,'Doctor Information'!C12) -> 1 | E15: =SUMIF(Billing!E10:E27,'Doctor Information'!C12,Billing!G10:G27) -> 2200
C16: =VLOOKUP(Billing!E11,Doctor_Information[],2) -> Dr. Maria Qureshi | D16: =COUNTIF(Appointments!D12:D29,'Doctor Information'!C13) -> 1 | E16: =SUMIF(Billing!E11:E28,'Doctor Information'!C13,Billing!G11:G28) -> 2100
C17: =VLOOKUP(Billing!E12,Doctor_Information[],2) -> Dr. Imran Aslam | D17: =COUNTIF(Appointments!D13:D30,'Doctor Information'!C14) -> 1 | E17: =SUMIF(Billing!E12:E29,'Doctor Information'!C14,Billing!G12:G29) -> 2500
C18: =VLOOKUP(Billing!E13,Doctor_Information[],2) -> Dr. Hina Javed | D18: =COUNTIF(Appointments!D14:D31,'Doctor Information'!C15) -> 1 | E18: =SUMIF(Billing!E13:E30,'Doctor Information'!C15,Billing!G13:G30) -> 1800
C19: =VLOOKUP(Billing!E14,Doctor_Information[],2) -> Dr. Bilal Farooq | D19: =COUNTIF(Appointments!D15:D32,'Doctor Information'!C16) -> 1 | E19: =SUMIF(Billing!E14:E31,'Doctor Information'!C16,Billing!G14:G31) -> 1500
C20: =VLOOKUP(Billing!E15,Doctor_Information[],2) -> Dr. Samina Riaz | D20: =COUNTIF(Appointments!D16:D33,'Doctor Information'!C17) -> 1 | E20: =SUMIF(Billing!E15:E32,'Doctor Information'!C17,Billing!G15:G32) -> 0
